
<?xml version="1.0" encoding="UTF-8" standalone="yes"?>
<addon id="repository.KPLatinos" name="KPLatinos official Repo" version="1.1.0" provider-name="KPLatinos">
	<extension point="xbmc.addon.repository" name="KPLatinos official Repo">
		<info compressed="false">https://raw.githubusercontent.com/newbtc1/KPLatinos/master/addons.xml</info>
		<checksum>https://raw.githubusercontent.com/newbtc1/KPLatinos/master/addons.xml.md5</checksum>
		<datadir zip="true">https://raw.githubusercontent.com/newbtc1/KPLatinos/master</datadir>
	</extension>
	<extension point="xbmc.addon.metadata">
		<summary>KPLatinos official Repo</summary>
   		<description lang="en">Instala los Addons de Kodi Mexico.</description>
		<disclaimer></disclaimer>
		<platform>all</platform>
	</extension>
</addon>